date,van_id,driver,route_id,odo_km,gps_km,start_time,end_time,stops,max_load_kg
2026-09-14,P-01,Grzegorz Pawlak,N-R14,199.1,199.2,05:08,11:48,20,787
2026-09-14,P-02,Anna Sadowska,S-R08,76.3,56.8,05:36,12:46,34,861
2026-09-14,P-03,Dariusz Kaczmarek,N-R03,125.2,123.8,05:05,12:35,28,1017
2026-09-14,P-04,Paweł Zieliński,N-R09,139.8,138.6,05:16,12:17,26,719
2026-09-14,P-05,Janusz Kozłowski,S-R03,124.5,123.6,05:29,12:09,25,905
2026-09-14,P-07,Zbigniew Michalski,S-R01,135.2,136.2,04:46,11:23,28,931
2026-09-14,P-08,Rafał Dudek,N-R05,96.0,96.1,05:00,10:42,22,732
2026-09-14,P-08,Łukasz Szymański,N-R17,72.0,71.3,13:00,17:47,21,681
2026-09-14,P-09,Adam Mazur,N-R02,116.0,115.9,05:06,11:06,21,706
2026-09-14,P-09,Kamil Krawczyk,N-R19,101.7,100.8,12:50,18:04,19,606
2026-09-14,P-10,Joanna Król,S-R12,94.0,75.2,05:38,12:50,32,669
2026-09-14,P-11,Jacek Wieczorek,N-R11,92.9,68.9,05:33,11:56,27,777
2026-09-14,P-12,Henryk Walczak,S-R05,94.1,91.9,04:56,10:42,21,724
2026-09-14,P-12,Damian Stępień,S-R15,91.3,90.8,13:02,18:39,22,536
2026-09-14,P-13,Sebastian Jabłoński,N-R07,146.1,145.1,04:45,11:46,27,883
2026-09-14,P-14,Artur Pietrzak,N-R16,110.2,109.1,06:13,11:48,23,913
2026-09-14,P-16,Monika Kubiak,N-R12,130.2,130.4,05:12,12:39,39,795
2026-09-14,P-17B,Waldemar Kasprzak,S-R06,116.6,114.5,05:02,11:48,27,911
2026-09-14,P-18,Ryszard Mróz,S-R11,96.7,63.7,05:40,12:15,28,715
2026-09-14,P-19,Robert Wróbel,N-R01,135.2,134.7,04:53,11:24,23,877
2026-09-14,P-20,Leszek Ostrowski,S-R07,145.0,143.4,05:19,12:15,27,672
2026-09-14,P-21,Michał Kowalczyk,N-R10,136.5,135.7,04:56,11:40,28,828
2026-09-14,P-22,Wojciech Nowicki,N-R06,95.2,95.0,05:21,11:09,30,964
2026-09-14,P-23,Jerzy Tomaszewski,S-R02,148.9,147.1,04:50,13:02,27,955
2026-09-14,P-25,Marcin Pawłowski,S-R04,139.0,138.1,04:46,11:32,25,983
2026-09-14,P-26,Agnieszka Lewandowska,N-R13,124.8,124.6,05:17,12:20,27,770
2026-09-14,P-27,Magdalena Jankowska,S-R13,118.7,117.9,05:40,13:55,28,825
2026-09-14,P-28,Bartosz Sikora,N-R18,133.6,133.5,05:36,11:39,25,668
2026-09-14,P-29,Dawid Majewski,S-R14,200.9,199.4,05:00,12:39,17,871
2026-09-14,P-30,Emil Sobczak,N-R08,132.1,130.8,05:03,11:39,27,742
2026-09-14,P-31,Szymon Wróblewski,S-R09,133.0,132.7,04:48,11:06,25,932
2026-09-14,P-32,Andrzej Zając,S-R16,120.5,120.0,05:50,12:30,22,725
2026-09-14,P-33,Krzysztof Górski,N-R15,201.3,199.6,05:09,12:13,15,768
2026-09-14,P-34,Wiesław Kołodziej,S-R17,123.0,123.9,04:52,11:54,28,990
2026-09-14,P-35,Marek Zawadzki,N-R22,135.7,134.7,04:25,11:02,26,1001
2026-09-14,P-36,Ireneusz Wysocki,S-R18,124.4,123.1,05:05,10:58,21,736
2026-09-14,P-36,Patryk Borkowski,S-R19,117.5,114.9,13:04,19:15,21,955
2026-09-14,P-37,Piotr Adamczyk,N-R23,204.8,202.7,05:03,11:55,18,858
2026-09-14,P-38,Arkadiusz Lis,S-R20,214.1,212.7,05:11,12:14,19,731
2026-09-14,P-39,Norbert Lasota,N-R24,138.2,138.6,04:57,11:42,25,828
2026-09-14,P-40,Oskar Witkowski,S-R21,143.4,141.4,05:06,13:51,38,936
2026-09-15,P-01,Grzegorz Pawlak,N-R14,189.9,189.8,05:11,11:23,18,751
2026-09-15,P-02,Anna Sadowska,S-R08,90.0,49.9,05:20,12:06,36,913
2026-09-15,P-03,Dariusz Kaczmarek,N-R03,117.6,115.0,04:40,11:02,25,936
2026-09-15,P-04,Paweł Zieliński,N-R09,146.2,145.6,05:14,13:03,32,928
2026-09-15,P-05,Janusz Kozłowski,S-R03,129.1,128.5,05:02,12:07,27,889
2026-09-15,P-07,Zbigniew Michalski,S-R01,150.7,151.2,04:57,11:54,27,900
2026-09-15,P-08,Rafał Dudek,N-R05,86.8,85.2,04:59,09:45,21,730
2026-09-15,P-08,Łukasz Szymański,N-R17,83.6,83.5,13:04,19:04,22,479
2026-09-15,P-09,Adam Mazur,N-R02,140.2,138.8,04:32,11:19,23,711
2026-09-15,P-09,Kamil Krawczyk,N-R19,101.5,101.2,13:13,19:38,24,710
2026-09-15,P-10,Joanna Król,S-R12,130.1,107.1,05:50,12:42,32,626
2026-09-15,P-11,Jacek Wieczorek,N-R11,82.0,57.1,05:21,10:31,30,1004
2026-09-15,P-12,Henryk Walczak,S-R05,96.6,96.4,05:05,10:42,22,710
2026-09-15,P-12,Damian Stępień,S-R15,75.7,75.2,12:54,17:20,18,543
2026-09-15,P-13,Sebastian Jabłoński,N-R07,139.9,137.8,04:56,10:53,19,783
2026-09-15,P-14,Artur Pietrzak,N-R16,113.5,113.3,05:45,11:33,21,897
2026-09-15,P-15,Stanisław Czarnecki,S-R10,112.9,112.0,05:46,12:44,30,929
2026-09-15,P-16,Monika Kubiak,N-R12,151.7,118.4,05:18,12:54,34,830
2026-09-15,P-17B,Waldemar Kasprzak,S-R06,133.5,131.5,05:09,12:53,29,801
2026-09-15,P-18,Ryszard Mróz,S-R11,84.5,68.1,05:34,11:36,33,773
2026-09-15,P-19,Robert Wróbel,N-R01,139.9,139.0,05:02,11:29,23,844
2026-09-15,P-20,Leszek Ostrowski,S-R07,132.6,131.5,05:09,11:25,26,841
2026-09-15,P-21,Michał Kowalczyk,N-R10,136.5,134.9,05:11,12:37,29,851
2026-09-15,P-22,Wojciech Nowicki,N-R06,93.1,91.9,05:19,11:29,28,987
2026-09-15,P-23,Jerzy Tomaszewski,S-R02,110.4,110.4,04:49,10:47,28,923
2026-09-15,P-25,Marcin Pawłowski,S-R04,140.5,139.8,04:48,12:38,27,763
2026-09-15,P-26,Agnieszka Lewandowska,N-R13,120.8,120.3,05:23,12:05,27,732
2026-09-15,P-27,Magdalena Jankowska,S-R13,149.3,148.7,05:19,13:04,28,804
2026-09-15,P-29,Dawid Majewski,S-R14,291.1,290.8,04:58,13:57,16,988
2026-09-15,P-30,Tadeusz Baran,N-R08,131.4,129.9,05:00,11:58,30,843
2026-09-15,P-31,Szymon Wróblewski,S-R09,140.3,138.7,05:08,12:00,26,775
2026-09-15,P-32,Andrzej Zając,S-R16,105.6,105.1,06:18,12:23,29,863
2026-09-15,P-33,Krzysztof Górski,N-R15,187.8,186.6,04:44,11:08,18,765
2026-09-15,P-34,Wiesław Kołodziej,S-R17,123.0,123.0,04:43,11:24,26,990
2026-09-15,P-35,Marek Zawadzki,N-R22,117.7,117.7,04:59,11:09,26,1088
2026-09-15,P-36,Ireneusz Wysocki,S-R18,118.9,118.1,05:17,10:27,21,809
2026-09-15,P-36,Patryk Borkowski,S-R19,96.8,94.5,12:47,18:15,23,818
2026-09-15,P-37,Piotr Adamczyk,N-R23,185.6,185.1,04:47,10:37,15,796
2026-09-15,P-38,Arkadiusz Lis,S-R20,190.2,187.6,05:13,12:19,17,887
2026-09-15,P-39,Norbert Lasota,N-R24,138.2,137.3,05:04,11:08,24,741
2026-09-15,P-40,Oskar Witkowski,S-R21,131.6,131.3,04:53,11:14,23,738
2026-09-16,P-02,Anna Sadowska,S-R08,78.2,77.4,05:13,11:27,33,921
2026-09-16,P-03,Dariusz Kaczmarek,N-R03,117.3,115.3,05:01,11:46,30,1021
2026-09-16,P-04,Paweł Zieliński,N-R09,136.9,135.2,04:50,11:55,30,827
2026-09-16,P-05,Janusz Kozłowski,S-R03,119.9,120.0,05:12,12:12,27,913
2026-09-16,P-06,Katarzyna Wójcik,N-R21,86.3,64.5,05:50,12:37,36,834
2026-09-16,P-07,Zbigniew Michalski,S-R01,139.3,139.0,04:38,12:25,28,1072
2026-09-16,P-08,Rafał Dudek,N-R05,105.3,104.5,05:00,10:41,23,718
2026-09-16,P-08,Łukasz Szymański,N-R17,72.1,71.4,12:57,17:55,20,598
2026-09-16,P-09,Adam Mazur,N-R02,134.6,134.8,04:56,11:20,23,673
2026-09-16,P-09,Kamil Krawczyk,N-R19,120.7,118.5,13:00,19:49,25,665
2026-09-16,P-10,Joanna Król,S-R12,99.9,99.5,05:32,12:40,34,601
2026-09-16,P-12,Henryk Walczak,S-R05,96.6,96.2,04:50,10:14,23,631
2026-09-16,P-12,Kinga Dziedzic,S-R15,77.9,77.2,13:03,17:46,19,590
2026-09-16,P-13,Sebastian Jabłoński,N-R07,135.5,134.0,04:35,11:45,28,898
2026-09-16,P-14,Artur Pietrzak,N-R16,106.8,105.4,06:07,11:50,26,809
2026-09-16,P-16,Monika Kubiak,N-R12,162.5,130.7,05:32,14:08,32,861
2026-09-16,P-18,Ryszard Mróz,S-R11,84.8,56.7,05:27,11:11,34,791
2026-09-16,P-19,Robert Wróbel,N-R01,131.6,129.8,04:59,11:28,25,713
2026-09-16,P-20,Leszek Ostrowski,S-R07,152.5,150.4,05:03,12:32,24,900
2026-09-16,P-21,Michał Kowalczyk,N-R10,134.3,134.5,05:00,12:06,28,860
2026-09-16,P-23,Jerzy Tomaszewski,S-R02,140.0,139.1,04:51,11:28,26,1110
2026-09-16,P-25,Marcin Pawłowski,S-R04,148.0,145.6,05:09,12:41,27,781
2026-09-16,P-26,Emil Sobczak,N-R13,133.0,130.0,05:22,12:25,26,906
2026-09-16,P-27,Magdalena Jankowska,S-R13,108.6,108.7,05:34,12:10,31,956
2026-09-16,P-29,Dawid Majewski,S-R14,215.7,213.9,05:24,12:03,16,725
2026-09-16,P-30,Tadeusz Baran,N-R08,127.9,126.2,05:12,11:51,26,903
2026-09-16,P-31,Szymon Wróblewski,S-R09,135.4,133.4,05:08,13:30,38,782
2026-09-16,P-32,Andrzej Zając,S-R16,100.6,100.9,05:42,11:29,23,705
2026-09-16,P-33,Krzysztof Górski,N-R15,202.0,199.2,05:09,12:00,22,847
2026-09-16,P-34,Wiesław Kołodziej,S-R17,103.6,102.5,04:55,10:27,23,1143
2026-09-16,P-35,Marek Zawadzki,N-R22,114.9,114.7,04:53,10:48,27,1087
2026-09-16,P-36,Ireneusz Wysocki,S-R18,114.7,113.3,05:11,10:52,22,578
2026-09-16,P-36,Patryk Borkowski,S-R19,97.7,97.0,13:12,18:56,24,666
2026-09-16,P-37,Konrad Szewczyk,N-R23,225.4,221.7,04:59,12:15,20,760
2026-09-16,P-39,Norbert Lasota,N-R24,135.9,134.3,05:22,11:41,23,849
2026-09-16,P-40,Oskar Witkowski,S-R21,134.7,134.0,05:15,11:51,26,793
2026-09-17,P-01,Grzegorz Pawlak,N-R14,211.9,211.5,04:52,11:58,19,904
2026-09-17,P-02,Anna Sadowska,S-R08,80.5,59.3,05:31,12:22,35,933
2026-09-17,P-03,Dariusz Kaczmarek,N-R03,136.3,134.8,05:05,12:00,25,967
2026-09-17,P-04,Paweł Zieliński,N-R09,134.4,134.9,04:47,11:46,28,945
2026-09-17,P-05,Janusz Kozłowski,S-R03,126.9,126.6,05:14,10:59,17,855
2026-09-17,P-06,Katarzyna Wójcik,N-R21,86.4,55.5,05:59,12:56,36,834
2026-09-17,P-08,Rafał Dudek,N-R05,93.0,91.3,04:41,10:20,24,703
2026-09-17,P-08,Łukasz Szymański,N-R17,72.8,71.7,13:20,18:13,20,623
2026-09-17,P-09,Adam Mazur,N-R02,123.4,122.4,04:50,11:24,21,750
2026-09-17,P-09,Kamil Krawczyk,N-R19,121.5,120.3,13:01,19:23,25,708
2026-09-17,P-10,Joanna Król,S-R12,88.8,66.8,05:51,12:00,33,738
2026-09-17,P-11,Jacek Wieczorek,N-R11,97.7,78.0,05:58,12:46,34,881
2026-09-17,P-13,Sebastian Jabłoński,N-R07,139.2,139.1,05:27,12:27,26,942
2026-09-17,P-14,Artur Pietrzak,N-R16,114.1,111.9,05:56,11:57,24,858
2026-09-17,P-16,Monika Kubiak,N-R12,153.7,124.0,05:08,13:43,37,765
2026-09-17,P-17B,Waldemar Kasprzak,S-R06,120.1,119.8,05:14,11:52,30,953
2026-09-17,P-18,Kinga Dziedzic,S-R11,103.8,81.8,05:55,13:33,36,946
2026-09-17,P-19,Robert Wróbel,N-R01,129.1,127.2,04:39,10:21,23,844
2026-09-17,P-20,Leszek Ostrowski,S-R07,131.1,129.6,05:08,11:18,26,913
2026-09-17,P-21,Michał Kowalczyk,N-R10,136.4,135.1,05:18,10:49,24,783
2026-09-17,P-22,Wojciech Nowicki,N-R06,120.4,119.4,05:07,11:39,27,823
2026-09-17,P-23,Jerzy Tomaszewski,S-R02,120.0,118.4,04:57,10:51,29,922
2026-09-17,P-24,Mariusz Grabowski,N-R04,153.1,151.1,05:02,11:36,20,806
2026-09-17,P-24,Przemysław Olszewski,N-R20,124.1,123.4,13:15,18:39,17,693
2026-09-17,P-25,Marcin Pawłowski,S-R04,139.2,138.2,04:46,10:51,24,725
2026-09-17,P-26,Agnieszka Lewandowska,N-R13,119.0,117.8,05:16,12:11,26,853
2026-09-17,P-27,Magdalena Jankowska,S-R13,102.6,102.3,05:14,11:20,29,815
2026-09-17,P-28,Bartosz Sikora,N-R18,117.2,116.8,06:17,11:49,21,724
2026-09-17,P-29,Dawid Majewski,S-R14,215.9,216.2,05:02,11:47,16,827
2026-09-17,P-30,Tadeusz Baran,N-R08,128.0,125.0,05:05,11:52,24,887
2026-09-17,P-31,Szymon Wróblewski,S-R09,138.7,137.9,04:57,12:35,30,820
2026-09-17,P-32,Andrzej Zając,S-R16,112.1,112.7,06:39,12:59,27,881
2026-09-17,P-33,Krzysztof Górski,N-R15,199.8,197.1,05:01,12:06,19,748
2026-09-17,P-34,Wiesław Kołodziej,S-R17,108.1,106.8,04:39,11:18,26,1021
2026-09-17,P-35,Marek Zawadzki,N-R22,102.8,100.9,05:00,10:34,29,1075
2026-09-17,P-36,Ireneusz Wysocki,S-R18,120.7,120.5,05:12,11:03,24,638
2026-09-17,P-36,Patryk Borkowski,S-R19,120.8,118.9,13:13,19:18,21,758
2026-09-17,P-38,Arkadiusz Lis,S-R20,183.3,183.9,05:04,11:12,19,902
2026-09-17,P-39,Norbert Lasota,N-R24,140.3,139.7,05:18,11:48,26,866
2026-09-17,P-40,Oskar Witkowski,S-R21,134.1,132.3,05:20,12:03,28,780
2026-09-18,P-01,Grzegorz Pawlak,N-R14,203.1,204.2,05:03,11:50,21,675
2026-09-18,P-02,Anna Sadowska,S-R08,94.8,70.7,05:35,13:02,39,854
2026-09-18,P-03,Dariusz Kaczmarek,N-R03,112.1,111.0,04:51,11:15,24,937
2026-09-18,P-04,Paweł Zieliński,N-R09,137.6,135.1,04:57,11:33,26,802
2026-09-18,P-05,Janusz Kozłowski,S-R03,131.6,131.7,05:23,12:04,29,862
2026-09-18,P-06,Katarzyna Wójcik,N-R21,84.3,65.2,05:48,12:35,36,732
2026-09-18,P-08,Rafał Dudek,N-R05,87.5,86.9,04:54,10:32,21,661
2026-09-18,P-08,Łukasz Szymański,N-R17,77.5,77.1,12:55,17:50,21,628
2026-09-18,P-09,Adam Mazur,N-R02,125.3,124.2,05:06,11:36,25,592
2026-09-18,P-09,Kamil Krawczyk,N-R19,103.8,104.8,13:18,18:54,22,630
2026-09-18,P-10,Joanna Król,S-R12,92.1,92.1,05:26,12:13,33,598
2026-09-18,P-11,Jacek Wieczorek,N-R11,82.6,61.8,05:29,11:11,31,980
2026-09-18,P-12,Henryk Walczak,S-R05,92.1,92.9,04:56,10:20,23,695
2026-09-18,P-12,Kinga Dziedzic,S-R15,75.9,75.0,12:47,17:34,20,694
2026-09-18,P-13,Sebastian Jabłoński,N-R07,142.7,141.8,04:46,11:44,26,694
2026-09-18,P-16,Monika Kubiak,N-R12,162.3,130.6,05:19,13:42,35,779
2026-09-18,P-17B,Waldemar Kasprzak,S-R06,124.0,122.4,05:01,11:45,28,754
2026-09-18,P-18,Ryszard Mróz,S-R11,96.8,59.7,06:16,12:48,33,755
2026-09-18,P-19,Robert Wróbel,N-R01,133.4,133.0,05:01,11:12,24,987
2026-09-18,P-21,Michał Kowalczyk,N-R10,141.6,140.4,05:03,11:47,29,843
2026-09-18,P-22,Wojciech Nowicki,N-R06,93.9,93.0,05:25,11:14,27,918
2026-09-18,P-23,Jerzy Tomaszewski,S-R02,138.6,137.2,05:03,12:21,27,1063
2026-09-18,P-24,Mariusz Grabowski,N-R04,136.6,134.9,05:05,10:47,21,739
2026-09-18,P-24,Przemysław Olszewski,N-R20,132.7,132.7,13:03,19:48,19,690
2026-09-18,P-25,Radosław Kalinowski,S-R04,142.2,140.3,04:47,11:20,25,889
2026-09-18,P-26,Agnieszka Lewandowska,N-R13,123.7,123.8,05:14,10:55,26,613
2026-09-18,P-27,Magdalena Jankowska,S-R13,93.0,92.6,05:30,11:18,30,695
2026-09-18,P-28,Bartosz Sikora,N-R18,127.1,127.1,05:52,12:20,26,710
2026-09-18,P-30,Tadeusz Baran,N-R08,126.8,125.2,04:58,11:45,25,869
2026-09-18,P-31,Szymon Wróblewski,S-R09,132.3,130.4,05:04,10:50,25,892
2026-09-18,P-32,Andrzej Zając,S-R16,119.7,119.5,06:08,12:30,27,615
2026-09-18,P-33,Krzysztof Górski,N-R15,184.4,182.9,05:01,11:40,21,915
2026-09-18,P-34,Wiesław Kołodziej,S-R17,105.7,105.0,04:35,11:33,31,923
2026-09-18,P-35,Marek Zawadzki,N-R22,115.6,115.0,04:49,11:25,29,882
2026-09-18,P-36,Ireneusz Wysocki,S-R18,120.7,118.1,05:00,11:07,24,690
2026-09-18,P-36,Patryk Borkowski,S-R19,93.7,92.9,13:05,18:46,24,823
2026-09-18,P-37,Piotr Adamczyk,N-R23,203.1,202.5,05:14,11:32,14,792
2026-09-18,P-38,Arkadiusz Lis,S-R20,246.5,244.8,04:59,12:06,17,739
2026-09-18,P-39,Norbert Lasota,N-R24,138.5,136.8,05:01,11:56,24,968
2026-09-18,P-40,Oskar Witkowski,S-R21,134.0,132.5,04:48,11:12,24,812
2026-09-19,P-02,Anna Sadowska,S-R08,62.0,43.8,05:20,11:07,30,687
2026-09-19,P-03,Emil Sobczak,N-R03,106.8,105.2,04:36,10:10,22,829
2026-09-19,P-04,Paweł Zieliński,N-R09,114.8,113.2,05:25,10:44,23,867
2026-09-19,P-05,Janusz Kozłowski,S-R03,90.8,90.4,04:41,10:12,24,747
2026-09-19,P-08,Rafał Dudek,N-R05,79.6,78.7,04:40,10:04,17,743
2026-09-19,P-09,Adam Mazur,N-R02,100.7,99.5,04:53,10:04,18,593
2026-09-19,P-11,Jacek Wieczorek,N-R11,74.3,58.3,05:04,10:00,29,911
2026-09-19,P-12,Henryk Walczak,S-R05,91.3,90.7,04:55,09:03,20,780
2026-09-19,P-13,Sebastian Jabłoński,N-R07,122.8,123.2,04:37,09:53,21,947
2026-09-19,P-16,Monika Kubiak,N-R12,122.4,122.2,05:18,12:28,31,837
2026-09-19,P-17B,Waldemar Kasprzak,S-R06,85.7,85.2,05:05,09:49,22,885
2026-09-19,P-20,Leszek Ostrowski,S-R07,112.1,111.2,04:39,10:43,23,898
2026-09-19,P-22,Wojciech Nowicki,N-R06,85.5,85.0,05:10,10:54,26,766
2026-09-19,P-23,Jerzy Tomaszewski,S-R02,89.3,88.0,04:43,09:19,22,1090
2026-09-19,P-24,Mariusz Grabowski,N-R04,112.7,111.7,04:35,10:44,19,705
2026-09-19,P-25,Marcin Pawłowski,S-R04,102.9,102.1,04:56,10:26,20,893
2026-09-19,P-26,Agnieszka Lewandowska,N-R13,91.0,90.2,05:17,10:33,25,753
2026-09-19,P-30,Tadeusz Baran,N-R08,131.5,131.7,05:03,11:49,26,843
2026-09-19,P-34,Wiesław Kołodziej,S-R17,98.6,99.1,04:25,10:23,27,1166
2026-09-19,P-36,Ireneusz Wysocki,S-R18,104.1,103.7,04:17,09:37,20,808
2026-09-19,P-39,Norbert Lasota,N-R24,124.5,123.9,04:56,10:30,21,913
2026-09-19,P-40,Oskar Witkowski,S-R21,130.6,129.4,04:51,10:08,20,896
2026-09-21,P-01,Grzegorz Pawlak,N-R14,186.2,184.4,05:15,11:27,15,889
2026-09-21,P-02,Anna Sadowska,S-R08,92.1,66.8,05:13,12:54,35,985
2026-09-21,P-04,Paweł Zieliński,N-R09,138.0,136.5,04:41,12:20,28,897
2026-09-21,P-05,Janusz Kozłowski,S-R03,122.1,121.9,04:54,12:49,31,798
2026-09-21,P-06,Katarzyna Wójcik,N-R21,95.7,95.3,05:21,13:02,36,909
2026-09-21,P-07,Zbigniew Michalski,S-R01,119.3,120.1,04:52,11:06,25,1129
2026-09-21,P-08,Rafał Dudek,N-R05,92.6,91.6,04:58,09:40,19,785
2026-09-21,P-08,Łukasz Szymański,N-R17,74.4,73.7,13:06,17:38,18,513
2026-09-21,P-09,Adam Mazur,N-R02,132.5,,04:40,10:55,23,764
2026-09-21,P-09,Kamil Krawczyk,N-R19,103.9,102.4,12:59,19:06,24,607
2026-09-21,P-10,Joanna Król,S-R12,109.8,110.7,05:34,13:32,33,650
2026-09-21,P-12,Henryk Walczak,S-R05,90.9,90.1,05:11,09:58,22,615
2026-09-21,P-12,Damian Stępień,S-R15,80.2,80.1,13:08,18:13,21,568
2026-09-21,P-14,Artur Pietrzak,N-R16,102.5,101.8,06:09,12:11,25,751
2026-09-21,P-16,Monika Kubiak,N-R12,136.6,138.1,05:38,13:44,39,666
2026-09-21,P-17B,Waldemar Kasprzak,S-R06,97.3,96.6,05:02,11:25,30,863
2026-09-21,P-18,Ryszard Mróz,S-R11,83.0,56.2,05:47,12:17,36,811
2026-09-21,P-19,Robert Wróbel,N-R01,130.8,129.7,04:42,11:13,24,796
2026-09-21,P-20,Leszek Ostrowski,S-R07,128.9,128.5,05:21,12:30,28,727
2026-09-21,P-21,Michał Kowalczyk,N-R10,137.6,137.3,05:08,12:01,28,830
2026-09-21,P-22,Wojciech Nowicki,N-R06,110.0,109.1,05:30,12:11,32,864
2026-09-21,P-23,Jerzy Tomaszewski,S-R02,118.9,118.0,05:22,12:10,27,1186
2026-09-21,P-24,Mariusz Grabowski,N-R04,165.9,163.2,05:03,12:18,20,720
2026-09-21,P-24,Przemysław Olszewski,N-R20,121.6,120.2,13:08,18:24,17,594
2026-09-21,P-25,Marcin Pawłowski,S-R04,137.8,135.3,04:58,11:39,24,928
2026-09-21,P-26,Agnieszka Lewandowska,N-R13,118.3,118.1,05:23,11:41,26,902
2026-09-21,P-28,Bartosz Sikora,N-R18,107.4,106.5,05:58,12:15,28,691
2026-09-21,P-29,Dawid Majewski,S-R14,205.0,203.7,05:18,11:51,16,724
2026-09-21,P-30,Tadeusz Baran,N-R08,143.5,142.6,05:06,13:53,28,805
2026-09-21,P-31,Szymon Wróblewski,S-R09,137.2,135.0,05:13,11:32,25,847
2026-09-21,P-32,Andrzej Zając,S-R16,134.7,134.8,06:08,12:22,28,895
2026-09-21,P-34,Wiesław Kołodziej,S-R17,104.6,103.9,04:51,11:04,30,924
2026-09-21,P-36,Ireneusz Wysocki,S-R18,114.5,112.7,05:13,11:39,25,853
2026-09-21,P-36,Patryk Borkowski,S-R19,101.3,100.2,13:02,19:00,25,830
2026-09-21,P-37,Piotr Adamczyk,N-R23,211.2,208.8,04:50,12:06,14,754
2026-09-21,P-39,Norbert Lasota,N-R24,140.8,138.6,04:54,11:30,26,770
2026-09-21,P-40,Oskar Witkowski,S-R21,136.5,134.3,04:59,11:28,26,863
2026-09-22,P-03,Dariusz Kaczmarek,N-R03,129.0,128.4,04:41,10:54,27,1084
2026-09-22,P-04,Emil Sobczak,N-R09,131.7,130.0,04:45,11:00,27,849
2026-09-22,P-05,Janusz Kozłowski,S-R03,128.9,128.3,05:00,11:55,27,928
2026-09-22,P-06,Katarzyna Wójcik,N-R21,97.8,96.9,05:19,12:41,37,992
2026-09-22,P-07,Zbigniew Michalski,S-R01,127.2,127.3,04:38,12:03,29,910
2026-09-22,P-08,Rafał Dudek,N-R05,89.3,88.0,05:22,10:28,23,749
2026-09-22,P-08,Łukasz Szymański,N-R17,83.5,82.1,12:42,17:07,18,607
2026-09-22,P-09,Adam Mazur,N-R02,117.7,117.4,04:45,10:19,26,733
2026-09-22,P-09,Kamil Krawczyk,N-R19,106.7,106.9,13:00,19:11,22,559
2026-09-22,P-11,Jacek Wieczorek,N-R11,98.3,74.6,05:35,12:22,32,869
2026-09-22,P-12,Henryk Walczak,S-R05,100.5,100.9,04:49,10:11,20,645
2026-09-22,P-12,Damian Stępień,S-R15,88.6,88.2,13:00,18:36,22,714
2026-09-22,P-13,Sebastian Jabłoński,N-R07,1383.0,136.7,05:05,11:50,26,785
2026-09-22,P-15,Stanisław Czarnecki,S-R10,113.5,112.0,05:36,11:55,25,820
2026-09-22,P-16,Monika Kubiak,N-R12,141.8,141.0,05:13,12:57,35,936
2026-09-22,P-18,Ryszard Mróz,S-R11,103.9,76.2,05:58,13:19,35,960
2026-09-22,P-19,Robert Wróbel,N-R01,133.7,132.5,04:46,11:06,23,825
2026-09-22,P-20,Radosław Kalinowski,S-R07,128.2,125.4,05:00,11:55,26,880
2026-09-22,P-21,Michał Kowalczyk,N-R10,143.2,143.5,05:13,11:51,28,890
2026-09-22,P-22,Konrad Szewczyk,N-R06,108.4,108.4,05:13,11:56,31,942
2026-09-22,P-23,Jerzy Tomaszewski,S-R02,110.5,110.5,05:09,11:14,28,831
2026-09-22,P-24,Mariusz Grabowski,N-R04,140.4,138.4,04:46,12:13,21,719
2026-09-22,P-24,Przemysław Olszewski,N-R20,123.9,123.7,13:26,19:15,18,579
2026-09-22,P-25,Marcin Pawłowski,S-R04,138.7,138.3,04:50,11:41,24,822
2026-09-22,P-26,Agnieszka Lewandowska,N-R13,115.7,113.7,05:19,11:24,26,801
2026-09-22,P-27,Magdalena Jankowska,S-R13,101.2,100.5,05:21,11:35,27,805
2026-09-22,P-28,Bartosz Sikora,N-R18,87.0,87.2,06:05,10:55,26,714
2026-09-22,P-29,Dawid Majewski,S-R14,200.3,200.4,05:07,11:18,16,746
2026-09-22,P-30,Tadeusz Baran,N-R08,126.0,124.4,04:54,11:33,26,885
2026-09-22,P-31,Szymon Wróblewski,S-R09,134.4,134.1,04:49,11:41,27,618
2026-09-22,P-32,Andrzej Zając,S-R16,109.0,108.7,06:07,12:29,27,798
2026-09-22,P-33,Krzysztof Górski,N-R15,190.0,189.1,05:15,13:13,18,792
2026-09-22,P-34,Wiesław Kołodziej,S-R17,145.5,145.9,04:47,11:55,25,1132
2026-09-22,P-35,Marek Zawadzki,N-R22,105.3,104.1,04:31,11:38,29,946
2026-09-22,P-36,Ireneusz Wysocki,S-R18,121.2,119.8,04:51,10:45,26,899
2026-09-22,P-36,Patryk Borkowski,S-R19,103.0,101.6,13:19,18:48,21,911
2026-09-22,P-37,Piotr Adamczyk,N-R23,214.0,212.2,04:41,11:30,18,885
2026-09-22,P-39,Norbert Lasota,N-R24,142.3,141.9,05:03,11:35,26,907
2026-09-22,P-40,Oskar Witkowski,S-R21,138.3,137.3,04:48,11:33,26,884
2026-09-23,P-01,Grzegorz Pawlak,N-R14,216.0,213.8,05:15,12:22,18,707
2026-09-23,P-02,Anna Sadowska,S-R08,80.5,44.9,05:29,13:22,34,1061
2026-09-23,P-03,Dariusz Kaczmarek,N-R03,150.9,149.6,04:50,12:55,27,963
2026-09-23,P-04,Paweł Zieliński,N-R09,140.8,139.2,04:32,11:41,31,923
2026-09-23,P-05,Janusz Kozłowski,S-R03,127.9,127.0,04:30,12:21,37,793
2026-09-23,P-06,Katarzyna Wójcik,N-R21,101.0,69.0,05:23,12:49,36,839
2026-09-23,P-07,Zbigniew Michalski,S-R01,117.8,118.8,04:49,11:13,28,956
2026-09-23,P-08,Rafał Dudek,N-R05,85.2,84.9,04:43,10:27,24,674
2026-09-23,P-08,Łukasz Szymański,N-R17,74.1,72.9,13:13,18:21,21,567
2026-09-23,P-09,Adam Mazur,N-R02,124.5,125.1,05:10,11:32,24,680
2026-09-23,P-09,Kamil Krawczyk,N-R19,100.2,100.3,13:36,19:37,21,596
2026-09-23,P-10,Joanna Król,S-R12,90.9,91.2,05:40,11:10,25,620
2026-09-23,P-12,Henryk Walczak,S-R05,93.5,92.4,05:18,11:02,22,579
2026-09-23,P-12,Damian Stępień,S-R15,77.8,76.6,13:12,17:59,18,621
2026-09-23,P-13,Sebastian Jabłoński,N-R07,139.2,139.4,05:21,11:40,26,818
2026-09-23,P-14,Artur Pietrzak,N-R16,103.4,102.0,05:48,12:37,28,834
2026-09-23,P-15,Stanisław Czarnecki,S-R10,106.5,104.7,05:28,11:29,28,1023
2026-09-23,P-16,Monika Kubiak,N-R12,135.9,135.6,05:25,13:01,33,632
2026-09-23,P-17B,Waldemar Kasprzak,S-R06,118.7,117.0,05:15,11:38,25,1034
2026-09-23,P-18,Ryszard Mróz,S-R11,83.5,60.6,05:58,12:36,34,846
2026-09-23,P-19,Robert Wróbel,N-R01,136.5,134.4,05:15,10:57,22,860
2026-09-23,P-20,Leszek Ostrowski,S-R07,128.3,128.2,05:25,13:35,27,710
2026-09-23,P-21,Michał Kowalczyk,N-R10,137.7,136.3,05:09,11:45,25,776
2026-09-23,P-22,Wojciech Nowicki,N-R06,101.1,100.4,05:16,11:23,29,816
2026-09-23,P-23,Jerzy Tomaszewski,S-R02,117.5,116.8,05:09,10:57,25,1118
2026-09-23,P-24,Mariusz Grabowski,N-R04,178.0,176.5,05:03,12:04,21,750
2026-09-23,P-24,Przemysław Olszewski,N-R20,127.9,128.0,13:00,19:28,26,613
2026-09-23,P-25,Marcin Pawłowski,S-R04,141.4,140.5,04:53,11:53,30,904
2026-09-23,P-26,Agnieszka Lewandowska,N-R13,122.8,122.7,05:09,12:35,27,936
2026-09-23,P-27,Magdalena Jankowska,S-R13,133.1,132.6,05:44,12:21,30,772
2026-09-23,P-29,Dawid Majewski,S-R14,244.4,245.3,04:45,11:57,14,686
2026-09-23,P-30,Tadeusz Baran,N-R08,131.0,130.8,05:00,11:41,28,882
2026-09-23,P-32,Andrzej Zając,S-R16,112.1,111.6,05:47,11:34,26,723
2026-09-23,P-33,Krzysztof Górski,N-R15,194.5,191.3,05:14,11:31,20,823
2026-09-23,P-34,Wiesław Kołodziej,S-R17,117.1,115.7,04:46,11:23,27,1076
2026-09-23,P-35,Marek Zawadzki,N-R22,136.1,135.0,04:46,11:18,27,1116
2026-09-23,P-36,Ireneusz Wysocki,S-R18,120.9,119.2,05:01,11:31,23,773
2026-09-23,P-36,Patryk Borkowski,S-R19,93.9,93.0,13:11,18:30,21,876
2026-09-23,P-37,Piotr Adamczyk,N-R23,234.6,232.8,05:26,12:28,17,659
2026-09-23,P-38,Arkadiusz Lis,S-R20,246.2,244.7,04:58,13:12,21,1000
2026-09-23,P-39,Norbert Lasota,N-R24,141.3,140.5,05:24,12:46,26,863
2026-09-23,P-40,Oskar Witkowski,S-R21,139.5,138.6,05:06,11:30,25,826
2026-09-24,P-01,Grzegorz Pawlak,N-R14,199.5,197.7,05:07,12:20,19,994
2026-09-24,P-02,Anna Sadowska,S-R08,87.8,52.6,05:34,12:41,35,982
2026-09-24,P-03,Dariusz Kaczmarek,N-R03,117.2,115.6,04:42,11:00,30,952
2026-09-24,P-04,Paweł Zieliński,N-R09,135.9,134.3,04:50,11:24,29,894
2026-09-24,P-05,Janusz Kozłowski,S-R03,120.1,120.3,05:15,11:25,25,826
2026-09-24,P-06,Katarzyna Wójcik,N-R21,70.7,52.3,05:50,12:08,31,951
2026-09-24,P-07,Zbigniew Michalski,S-R01,130.1,130.3,04:51,12:26,29,1094
2026-09-24,P-08,Rafał Dudek,N-R05,89.4,88.6,05:10,10:14,20,688
2026-09-24,P-08,Łukasz Szymański,N-R17,72.6,71.3,13:07,18:02,21,631
2026-09-24,P-09,Adam Mazur,N-R02,122.5,122.5,05:24,11:18,21,765
2026-09-24,P-09,Kamil Krawczyk,N-R19,113.1,113.0,13:07,17:54,13,658
2026-09-24,P-10,Joanna Król,S-R12,96.2,75.9,05:43,12:31,31,670
2026-09-24,P-11,Jacek Wieczorek,N-R11,110.4,76.9,05:51,12:42,32,723
2026-09-24,P-12,Henryk Walczak,S-R05,92.8,92.1,05:02,10:18,20,729
2026-09-24,P-12,Damian Stępień,S-R15,82.3,81.7,13:01,18:21,23,545
2026-09-24,P-13,Sebastian Jabłoński,N-R07,136.9,134.6,05:05,11:34,27,886
2026-09-24,P-14,Artur Pietrzak,N-R16,89.1,87.6,06:09,11:08,26,888
2026-09-24,P-15,Stanisław Czarnecki,S-R10,108.2,105.7,05:43,11:51,26,1045
2026-09-24,P-16,Monika Kubiak,N-R12,165.8,136.6,05:22,13:37,32,778
2026-09-24,P-17B,Waldemar Kasprzak,S-R06,100.0,98.7,05:19,11:02,23,980
2026-09-24,P-18,Ryszard Mróz,S-R11,103.2,83.9,06:05,13:01,30,996
2026-09-24,P-19,Robert Wróbel,N-R01,145.8,143.5,04:38,11:17,23,792
2026-09-24,P-20,Leszek Ostrowski,S-R07,136.4,136.1,04:50,11:34,27,731
2026-09-24,P-21,Michał Kowalczyk,N-R10,134.6,133.7,05:15,11:45,25,818
2026-09-24,P-22,Wojciech Nowicki,N-R06,98.8,98.0,05:17,12:37,30,986
2026-09-24,P-23,Jerzy Tomaszewski,S-R02,114.9,113.9,05:16,11:54,31,902
2026-09-24,P-24,Mariusz Grabowski,N-R04,149.5,147.0,04:58,10:20,17,603
2026-09-24,P-24,Przemysław Olszewski,N-R20,131.3,129.8,13:09,18:44,18,740
2026-09-24,P-25,Marcin Pawłowski,S-R04,136.5,134.7,04:45,12:08,26,813
2026-09-24,P-26,Agnieszka Lewandowska,N-R13,125.9,125.0,05:24,12:02,28,868
2026-09-24,P-27,Magdalena Jankowska,S-R13,109.2,107.9,05:16,11:11,28,965
2026-09-24,P-28,Bartosz Sikora,N-R18,97.5,97.1,06:08,11:29,26,817
2026-09-24,P-29,Dawid Majewski,S-R14,199.3,199.7,05:02,11:43,16,672
2026-09-24,P-30,Tadeusz Baran,N-R08,133.2,131.3,04:57,12:09,26,798
2026-09-24,P-31,Szymon Wróblewski,S-R09,137.9,137.2,05:06,11:33,30,770
2026-09-24,P-32,Andrzej Zając,S-R16,98.5,98.5,06:01,12:18,27,835
2026-09-24,P-33,Krzysztof Górski,N-R15,188.2,185.8,04:57,11:56,17,759
2026-09-24,P-34,Wiesław Kołodziej,S-R17,119.6,118.4,04:44,11:44,27,1237
2026-09-24,P-35,Marek Zawadzki,N-R22,117.1,117.0,04:35,11:13,25,1001
2026-09-24,P-36,Ireneusz Wysocki,S-R18,137.4,135.7,04:48,10:52,17,645
2026-09-24,P-36,Patryk Borkowski,S-R19,106.7,104.4,12:53,19:10,23,765
2026-09-24,P-37,Piotr Adamczyk,N-R23,196.6,194.5,05:00,11:22,14,773
2026-09-24,P-38,Arkadiusz Lis,S-R20,198.6,197.7,05:12,11:39,20,894
2026-09-24,P-39,Norbert Lasota,N-R24,138.6,138.1,05:10,12:09,26,777
2026-09-24,P-40,Oskar Witkowski,S-R21,133.2,131.1,05:11,13:24,29,888
2026-09-25,P-01,Grzegorz Pawlak,N-R14,215.3,215.7,04:53,11:43,19,931
2026-09-25,P-02,Anna Sadowska,S-R08,94.0,91.9,05:34,12:43,36,885
2026-09-25,P-03,Dariusz Kaczmarek,N-R03,120.4,118.7,04:36,11:30,25,1001
2026-09-25,P-04,Paweł Zieliński,N-R09,135.7,134.3,05:14,12:14,28,836
2026-09-25,P-05,Janusz Kozłowski,S-R03,125.6,125.1,05:27,11:49,29,915
2026-09-25,P-06,Katarzyna Wójcik,N-R21,70.8,69.9,05:32,11:44,36,776
2026-09-25,P-07,Zbigniew Michalski,S-R01,140.7,139.2,04:41,11:54,31,945
2026-09-25,P-08,Rafał Dudek,N-R05,92.6,91.8,04:55,10:52,23,637
2026-09-25,P-08,Łukasz Szymański,N-R17,74.9,73.8,13:05,17:24,20,619
2026-09-25,P-09,Konrad Szewczyk,N-R02,116.8,115.9,05:15,11:10,28,677
2026-09-25,P-09,Kamil Krawczyk,N-R19,106.7,106.5,13:18,19:07,24,714
2026-09-25,P-10,Joanna Król,S-R12,100.1,80.9,05:41,12:41,33,618
2026-09-25,P-11,Jacek Wieczorek,N-R11,100.4,74.9,05:41,13:01,35,900
2026-09-25,P-12,Kinga Dziedzic,S-R05,93.5,93.4,05:03,10:15,23,697
2026-09-25,P-12,Damian Stępień,S-R15,84.1,83.0,13:06,18:09,19,577
2026-09-25,P-13,Sebastian Jabłoński,N-R07,139.6,138.7,05:13,11:33,26,832
2026-09-25,P-14,Artur Pietrzak,N-R16,119.9,118.6,05:55,12:12,27,834
2026-09-25,P-15,Stanisław Czarnecki,S-R10,88.6,86.2,05:28,11:52,30,943
2026-09-25,P-16,Monika Kubiak,N-R12,136.9,135.8,04:50,12:05,36,870
2026-09-25,P-17B,Waldemar Kasprzak,S-R06,108.0,107.2,05:25,11:02,25,838
2026-09-25,P-18,Ryszard Mróz,S-R11,81.0,55.3,06:08,11:57,30,846
2026-09-25,P-19,Robert Wróbel,N-R01,142.0,140.0,04:52,11:22,24,790
2026-09-25,P-20,Leszek Ostrowski,S-R07,133.4,132.2,05:17,12:19,28,762
2026-09-25,P-21,Michał Kowalczyk,N-R10,140.0,139.2,05:11,12:15,27,791
2026-09-25,P-22,Emil Sobczak,N-R06,95.1,95.0,05:40,12:39,32,970
2026-09-25,P-23,Jerzy Tomaszewski,S-R02,135.5,132.8,04:51,11:50,26,1014
2026-09-25,P-24,Mariusz Grabowski,N-R04,142.1,141.6,04:57,10:19,19,713
2026-09-25,P-24,Przemysław Olszewski,N-R20,119.9,119.7,13:28,18:37,16,608
2026-09-25,P-25,Marcin Pawłowski,S-R04,141.5,139.3,05:18,11:38,26,651
2026-09-25,P-26,Agnieszka Lewandowska,N-R13,115.9,115.2,05:26,11:12,26,865
2026-09-25,P-27,Radosław Kalinowski,S-R13,168.8,167.0,05:27,14:06,31,832
2026-09-25,P-28,Bartosz Sikora,N-R18,107.9,107.3,06:06,12:10,27,717
2026-09-25,P-29,Dawid Majewski,S-R14,241.7,240.0,05:19,13:04,17,769
2026-09-25,P-30,Tadeusz Baran,N-R08,127.5,125.4,05:11,11:30,26,949
2026-09-25,P-31,Szymon Wróblewski,S-R09,131.6,130.4,04:58,11:34,26,840
2026-09-25,P-32,Andrzej Zając,S-R16,126.7,,05:43,13:42,27,769
2026-09-25,P-33,Krzysztof Górski,N-R15,199.1,197.9,05:04,12:44,21,855
2026-09-25,P-34,Wiesław Kołodziej,S-R17,129.0,128.3,04:23,10:48,27,885
2026-09-25,P-35,Marek Zawadzki,N-R22,122.9,120.8,04:23,10:56,28,1036
2026-09-25,P-37,Piotr Adamczyk,N-R23,224.0,221.6,04:54,12:23,18,788
2026-09-25,P-38,Arkadiusz Lis,S-R20,222.9,221.3,05:05,12:23,18,840
2026-09-25,P-39,Norbert Lasota,N-R24,138.7,137.4,05:10,11:24,25,792
2026-09-25,P-40,Oskar Witkowski,S-R21,149.0,147.7,05:14,11:32,25,751
2026-09-26,P-02,Anna Sadowska,S-R08,67.6,67.5,05:11,11:03,33,906
2026-09-26,P-03,Dariusz Kaczmarek,N-R03,87.9,87.1,04:31,09:52,23,1036
2026-09-26,P-04,Paweł Zieliński,N-R09,106.8,105.4,04:32,10:52,26,861
2026-09-26,P-07,Zbigniew Michalski,S-R01,101.9,102.7,04:25,10:44,22,882
2026-09-26,P-09,Adam Mazur,N-R02,111.9,111.3,05:03,10:42,20,711
2026-09-26,P-11,Jacek Wieczorek,N-R11,84.8,60.7,05:17,10:43,28,1018
2026-09-26,P-12,Henryk Walczak,S-R05,91.4,91.2,04:38,09:39,18,578
2026-09-26,P-13,Sebastian Jabłoński,N-R07,122.2,121.6,04:54,10:33,24,778
2026-09-26,P-16,Monika Kubiak,N-R12,115.6,114.8,04:51,11:23,30,863
2026-09-26,P-17B,Waldemar Kasprzak,S-R06,84.0,83.0,04:39,09:44,23,967
2026-09-26,P-19,Robert Wróbel,N-R01,106.4,106.7,04:45,10:21,21,826
2026-09-26,P-20,Leszek Ostrowski,S-R07,113.6,113.7,04:57,10:11,24,828
2026-09-26,P-21,Michał Kowalczyk,N-R10,113.2,112.5,05:17,11:06,22,839
2026-09-26,P-24,Mariusz Grabowski,N-R04,117.8,116.5,04:30,10:23,25,799
2026-09-26,P-25,Marcin Pawłowski,S-R04,101.9,100.2,04:30,09:25,20,824
2026-09-26,P-26,Agnieszka Lewandowska,N-R13,98.1,97.8,04:43,10:19,23,847
2026-09-26,P-30,Tadeusz Baran,N-R08,117.3,115.7,04:52,09:54,21,710
2026-09-26,P-31,Szymon Wróblewski,S-R09,98.9,97.5,04:29,09:27,22,814
2026-09-26,P-33,Krzysztof Górski,N-R15,150.2,149.6,04:19,10:05,18,791
2026-09-26,P-34,Wiesław Kołodziej,S-R17,75.6,76.0,04:15,08:44,24,931
2026-09-26,P-35,Marek Zawadzki,N-R22,100.4,99.6,04:05,08:37,22,1040
2026-09-26,P-36,Ireneusz Wysocki,S-R18,108.9,107.9,04:31,10:10,25,901
2026-09-26,P-39,Norbert Lasota,N-R24,127.5,127.7,04:58,10:56,23,890
2026-09-26,P-40,Kinga Dziedzic,S-R21,139.9,139.1,04:33,10:18,20,857
